read_name_str,read_lengths,mapping_qualities,avg_base_qualities,mode_base_qualities,median_base_qualities,num_overlap_aligned_bases,fraction_overlap_aligned,num_nones,fraction_nones,num_inserts,fraction_inserts,num_mismatches,fraction_mismatches,num_ambiguous
64ab3c99-f294-402e-99a9-3ce59fc77283,4595,60,15.04918389553863,7,13.0,4273,0.6573846153846153,210,0.04570184983677911,121,0.026332970620239392,210,0.04570184983677911,0
42c9fe8f-3b50-4c1a-bbea-3a508cba6f65,5751,60,16.376282385672056,7,16.0,5411,0.8324615384615385,186,0.03234220135628586,141,0.024517475221700575,157,0.02729960006955312,0
5a5a6006-5178-4e93-a935-771f655e047d,6858,60,18.785214348206473,27,19.0,6300,0.9692307692307692,205,0.02989209682123068,283,0.041265675123942844,165,0.024059492563429572,0
